strain,allele,value,genotype,facet_marker,chromosome
BRC20067,-1,299.4,swept,I:13917228,I
CB4854,1,251.4,swept,I:13917228,I
CB4856,1,237,divergent,I:13917228,I
CX11254,1,106,swept,I:13917228,I
CX11262,-1,282.4,swept,I:13917228,I
CX11264,-1,209,swept,I:13917228,I
CX11292,-1,239.6,swept,I:13917228,I
DL226,1,279.4,swept,I:13917228,I
DL238,1,248.666666666667,divergent,I:13917228,I
ECA1228,1,159.2,divergent,I:13917228,I
ECA1269,1,184.4,divergent,I:13917228,I
ECA1281,1,203.4,divergent,I:13917228,I
ECA1287,1,195.8,divergent,I:13917228,I
ECA189,-1,236.25,divergent,I:13917228,I
ECA2677,1,191,divergent,I:13917228,I
ECA2678,1,213.2,divergent,I:13917228,I
ECA2679,1,197.4,divergent,I:13917228,I
ECA2686,1,197.8,divergent,I:13917228,I
ECA347,1,259.75,divergent,I:13917228,I
ECA348,-1,235.8,divergent,I:13917228,I
ECA36,1,192.4,divergent,I:13917228,I
ECA363,1,195.8,divergent,I:13917228,I
ECA369,1,210,divergent,I:13917228,I
ECA372,1,246.2,divergent,I:13917228,I
ECA396,1,158.8,divergent,I:13917228,I
ECA592,1,214.25,swept,I:13917228,I
ECA593,1,212.6,divergent,I:13917228,I
ECA594,1,229.8,swept,I:13917228,I
ECA703,1,149.25,divergent,I:13917228,I
ECA705,1,194,divergent,I:13917228,I
ECA706,1,235,divergent,I:13917228,I
ECA710,1,121,divergent,I:13917228,I
ECA712,1,281.75,divergent,I:13917228,I
ECA722,1,133.5,divergent,I:13917228,I
ECA723,1,226.6,divergent,I:13917228,I
ECA724,1,220.6,divergent,I:13917228,I
ECA730,1,240.8,divergent,I:13917228,I
ECA732,1,239.2,divergent,I:13917228,I
ECA733,1,241.25,divergent,I:13917228,I
ECA738,1,237.333333333333,divergent,I:13917228,I
ECA740,1,184.2,divergent,I:13917228,I
ECA741,1,253,divergent,I:13917228,I
ECA742,1,195,divergent,I:13917228,I
ECA743,1,262.4,divergent,I:13917228,I
ECA744,1,248.6,divergent,I:13917228,I
ECA745,1,194.2,divergent,I:13917228,I
ECA746,1,201.4,divergent,I:13917228,I
ECA760,1,177.8,divergent,I:13917228,I
ECA768,1,217.25,divergent,I:13917228,I
ECA778,1,169,divergent,I:13917228,I
ECA807,1,181.8,divergent,I:13917228,I
ECA812,1,230,divergent,I:13917228,I
ECA923,1,227,swept,I:13917228,I
ECA928,1,218.5,swept,I:13917228,I
ED3005,-1,269.8,swept,I:13917228,I
ED3011,-1,294.5,swept,I:13917228,I
ED3012,-1,248.2,swept,I:13917228,I
ED3040,-1,291.6,swept,I:13917228,I
EG4349,-1,288.8,swept,I:13917228,I
EG4946,-1,268.25,swept,I:13917228,I
GXW1,-1,247,swept,I:13917228,I
JT11398,1,291.2,swept,I:13917228,I
JU1088,-1,264.5,swept,I:13917228,I
JU1172,-1,267.2,swept,I:13917228,I
JU1200,-1,254.4,swept,I:13917228,I
JU1242,-1,206.25,swept,I:13917228,I
JU1395,-1,287.4,swept,I:13917228,I
JU1491,-1,335.4,swept,I:13917228,I
JU1530,-1,307.6,swept,I:13917228,I
JU1568,-1,256.8,swept,I:13917228,I
JU1581,1,250.75,swept,I:13917228,I
JU1586,-1,218.6,swept,I:13917228,I
JU1896,1,218.6,swept,I:13917228,I
JU2007,-1,302.8,swept,I:13917228,I
JU2464,-1,215.6,swept,I:13917228,I
JU2879,1,134.6,swept,I:13917228,I
JU310,-1,283.2,swept,I:13917228,I
JU311,-1,294.2,swept,I:13917228,I
JU3226,1,190.5,divergent,I:13917228,I
JU323,-1,288,swept,I:13917228,I
JU346,1,299,swept,I:13917228,I
JU360,-1,248.2,swept,I:13917228,I
JU367,-1,178.8,swept,I:13917228,I
JU393,-1,223,swept,I:13917228,I
JU394,-1,286.8,swept,I:13917228,I
JU397,-1,276.2,swept,I:13917228,I
JU406,-1,220.4,swept,I:13917228,I
JU440,-1,283.4,swept,I:13917228,I
JU561,-1,233.6,swept,I:13917228,I
JU642,-1,222.75,swept,I:13917228,I
JU751,-1,144.75,swept,I:13917228,I
JU775,-1,235,swept,I:13917228,I
JU830,-1,204,swept,I:13917228,I
JU847,-1,199.75,swept,I:13917228,I
KR314,-1,307.75,swept,I:13917228,I
MY1,-1,293.8,swept,I:13917228,I
MY16,-1,287.2,divergent,I:13917228,I
MY18,-1,278.6,swept,I:13917228,I
MY23,1,264.25,divergent,I:13917228,I
N2,-1,307.75,swept,I:13917228,I
NIC166,-1,247.2,swept,I:13917228,I
NIC274,-1,247.6,swept,I:13917228,I
NIC276,-1,208.6,swept,I:13917228,I
NIC277,-1,252.8,swept,I:13917228,I
PS2025,1,239.8,swept,I:13917228,I
PX179,-1,273.2,swept,I:13917228,I
QG536,-1,273.5,swept,I:13917228,I
QG556,1,229,swept,I:13917228,I
QX1212,1,289,swept,I:13917228,I
QX1233,-1,242.75,swept,I:13917228,I
QX1791,1,235.2,divergent,I:13917228,I
QX1792,1,196.4,swept,I:13917228,I
QX1793,1,216.6,divergent,I:13917228,I
QX1794,1,214.333333333333,divergent,I:13917228,I
RC301,-1,173.6,swept,I:13917228,I
WN2002,1,149.2,swept,I:13917228,I
XZ1513,1,131,divergent,I:13917228,I
XZ1514,1,210,divergent,I:13917228,I
XZ1515,1,135.4,swept,I:13917228,I
XZ1516,1,254.4,divergent,I:13917228,I
XZ2019,1,237.2,divergent,I:13917228,I
BRC20067,-1,299.4,swept,II:543326,II
CB4854,-1,251.4,swept,II:543326,II
CB4856,1,237,divergent,II:543326,II
CX11254,1,106,swept,II:543326,II
CX11262,1,282.4,swept,II:543326,II
CX11264,1,209,swept,II:543326,II
CX11292,-1,239.6,swept,II:543326,II
DL226,-1,279.4,swept,II:543326,II
DL238,1,248.666666666667,divergent,II:543326,II
ECA1228,1,159.2,divergent,II:543326,II
ECA1269,1,184.4,divergent,II:543326,II
ECA1281,1,203.4,divergent,II:543326,II
ECA1287,1,195.8,divergent,II:543326,II
ECA189,1,236.25,divergent,II:543326,II
ECA2677,1,191,divergent,II:543326,II
ECA2678,1,213.2,divergent,II:543326,II
ECA2679,1,197.4,divergent,II:543326,II
ECA2686,1,197.8,divergent,II:543326,II
ECA347,1,259.75,divergent,II:543326,II
ECA348,1,235.8,divergent,II:543326,II
ECA36,1,192.4,divergent,II:543326,II
ECA363,1,195.8,divergent,II:543326,II
ECA369,1,210,divergent,II:543326,II
ECA372,1,246.2,divergent,II:543326,II
ECA396,1,158.8,divergent,II:543326,II
ECA592,1,214.25,swept,II:543326,II
ECA593,1,212.6,divergent,II:543326,II
ECA594,-1,229.8,swept,II:543326,II
ECA703,1,149.25,divergent,II:543326,II
ECA705,1,194,divergent,II:543326,II
ECA706,1,235,divergent,II:543326,II
ECA710,1,121,divergent,II:543326,II
ECA712,-1,281.75,divergent,II:543326,II
ECA722,1,133.5,divergent,II:543326,II
ECA723,-1,226.6,divergent,II:543326,II
ECA724,-1,220.6,divergent,II:543326,II
ECA730,1,240.8,divergent,II:543326,II
ECA732,1,239.2,divergent,II:543326,II
ECA733,1,241.25,divergent,II:543326,II
ECA738,1,237.333333333333,divergent,II:543326,II
ECA740,1,184.2,divergent,II:543326,II
ECA741,1,253,divergent,II:543326,II
ECA742,1,195,divergent,II:543326,II
ECA743,1,262.4,divergent,II:543326,II
ECA744,1,248.6,divergent,II:543326,II
ECA745,1,194.2,divergent,II:543326,II
ECA746,1,201.4,divergent,II:543326,II
ECA760,1,177.8,divergent,II:543326,II
ECA768,1,217.25,divergent,II:543326,II
ECA778,1,169,divergent,II:543326,II
ECA807,1,181.8,divergent,II:543326,II
ECA812,1,230,divergent,II:543326,II
ECA923,1,227,swept,II:543326,II
ECA928,1,218.5,swept,II:543326,II
ED3005,-1,269.8,swept,II:543326,II
ED3011,-1,294.5,swept,II:543326,II
ED3012,-1,248.2,swept,II:543326,II
ED3040,-1,291.6,swept,II:543326,II
EG4349,-1,288.8,swept,II:543326,II
EG4946,1,268.25,swept,II:543326,II
GXW1,-1,247,swept,II:543326,II
JT11398,-1,291.2,swept,II:543326,II
JU1088,-1,264.5,swept,II:543326,II
JU1172,1,267.2,swept,II:543326,II
JU1200,-1,254.4,swept,II:543326,II
JU1242,-1,206.25,swept,II:543326,II
JU1395,-1,287.4,swept,II:543326,II
JU1491,-1,335.4,swept,II:543326,II
JU1530,-1,307.6,swept,II:543326,II
JU1568,-1,256.8,swept,II:543326,II
JU1581,-1,250.75,swept,II:543326,II
JU1586,-1,218.6,swept,II:543326,II
JU1896,-1,218.6,swept,II:543326,II
JU2007,-1,302.8,swept,II:543326,II
JU2464,-1,215.6,swept,II:543326,II
JU2879,-1,134.6,swept,II:543326,II
JU310,-1,283.2,swept,II:543326,II
JU311,-1,294.2,swept,II:543326,II
JU3226,1,190.5,divergent,II:543326,II
JU323,-1,288,swept,II:543326,II
JU346,-1,299,swept,II:543326,II
JU360,-1,248.2,swept,II:543326,II
JU367,-1,178.8,swept,II:543326,II
JU393,-1,223,swept,II:543326,II
JU394,-1,286.8,swept,II:543326,II
JU397,-1,276.2,swept,II:543326,II
JU406,-1,220.4,swept,II:543326,II
JU440,-1,283.4,swept,II:543326,II
JU561,-1,233.6,swept,II:543326,II
JU642,1,222.75,swept,II:543326,II
JU751,-1,144.75,swept,II:543326,II
JU775,-1,235,swept,II:543326,II
JU830,-1,204,swept,II:543326,II
JU847,-1,199.75,swept,II:543326,II
KR314,-1,307.75,swept,II:543326,II
MY1,-1,293.8,swept,II:543326,II
MY16,-1,287.2,divergent,II:543326,II
MY18,-1,278.6,swept,II:543326,II
MY23,-1,264.25,divergent,II:543326,II
N2,-1,307.75,swept,II:543326,II
NIC166,-1,247.2,swept,II:543326,II
NIC274,-1,247.6,swept,II:543326,II
NIC276,-1,208.6,swept,II:543326,II
NIC277,-1,252.8,swept,II:543326,II
PS2025,1,239.8,swept,II:543326,II
PX179,-1,273.2,swept,II:543326,II
QG536,-1,273.5,swept,II:543326,II
QG556,1,229,swept,II:543326,II
QX1212,-1,289,swept,II:543326,II
QX1233,1,242.75,swept,II:543326,II
QX1791,-1,235.2,divergent,II:543326,II
QX1792,1,196.4,swept,II:543326,II
QX1793,1,216.6,divergent,II:543326,II
QX1794,1,214.333333333333,divergent,II:543326,II
RC301,-1,173.6,swept,II:543326,II
WN2002,-1,149.2,swept,II:543326,II
XZ1513,1,131,divergent,II:543326,II
XZ1514,1,210,divergent,II:543326,II
XZ1515,1,135.4,swept,II:543326,II
XZ1516,1,254.4,divergent,II:543326,II
XZ2019,1,237.2,divergent,II:543326,II
BRC20067,-1,299.4,swept,V:14534671,V
CB4854,-1,251.4,swept,V:14534671,V
CB4856,-1,237,divergent,V:14534671,V
CX11254,1,106,swept,V:14534671,V
CX11262,1,282.4,swept,V:14534671,V
CX11264,1,209,swept,V:14534671,V
CX11292,-1,239.6,swept,V:14534671,V
DL226,-1,279.4,swept,V:14534671,V
DL238,1,248.666666666667,divergent,V:14534671,V
ECA1228,1,159.2,divergent,V:14534671,V
ECA1269,1,184.4,divergent,V:14534671,V
ECA1281,1,203.4,divergent,V:14534671,V
ECA1287,1,195.8,divergent,V:14534671,V
ECA189,1,236.25,divergent,V:14534671,V
ECA2677,1,191,divergent,V:14534671,V
ECA2678,1,213.2,divergent,V:14534671,V
ECA2679,1,197.4,divergent,V:14534671,V
ECA2686,1,197.8,divergent,V:14534671,V
ECA347,1,259.75,divergent,V:14534671,V
ECA348,1,235.8,divergent,V:14534671,V
ECA36,1,192.4,divergent,V:14534671,V
ECA363,1,195.8,divergent,V:14534671,V
ECA369,1,210,divergent,V:14534671,V
ECA372,1,246.2,divergent,V:14534671,V
ECA396,1,158.8,divergent,V:14534671,V
ECA592,-1,214.25,swept,V:14534671,V
ECA593,1,212.6,divergent,V:14534671,V
ECA594,-1,229.8,swept,V:14534671,V
ECA703,1,149.25,divergent,V:14534671,V
ECA705,1,194,divergent,V:14534671,V
ECA706,1,235,divergent,V:14534671,V
ECA710,1,121,divergent,V:14534671,V
ECA712,1,281.75,divergent,V:14534671,V
ECA722,1,133.5,divergent,V:14534671,V
ECA723,1,226.6,divergent,V:14534671,V
ECA724,1,220.6,divergent,V:14534671,V
ECA730,1,240.8,divergent,V:14534671,V
ECA732,1,239.2,divergent,V:14534671,V
ECA733,1,241.25,divergent,V:14534671,V
ECA738,1,237.333333333333,divergent,V:14534671,V
ECA740,1,184.2,divergent,V:14534671,V
ECA741,1,253,divergent,V:14534671,V
ECA742,1,195,divergent,V:14534671,V
ECA743,-1,262.4,divergent,V:14534671,V
ECA744,1,248.6,divergent,V:14534671,V
ECA745,1,194.2,divergent,V:14534671,V
ECA746,1,201.4,divergent,V:14534671,V
ECA760,1,177.8,divergent,V:14534671,V
ECA768,1,217.25,divergent,V:14534671,V
ECA778,1,169,divergent,V:14534671,V
ECA807,1,181.8,divergent,V:14534671,V
ECA812,1,230,divergent,V:14534671,V
ECA923,-1,227,swept,V:14534671,V
ECA928,-1,218.5,swept,V:14534671,V
ED3005,-1,269.8,swept,V:14534671,V
ED3011,-1,294.5,swept,V:14534671,V
ED3012,-1,248.2,swept,V:14534671,V
ED3040,-1,291.6,swept,V:14534671,V
EG4349,-1,288.8,swept,V:14534671,V
EG4946,-1,268.25,swept,V:14534671,V
GXW1,-1,247,swept,V:14534671,V
JT11398,-1,291.2,swept,V:14534671,V
JU1088,-1,264.5,swept,V:14534671,V
JU1172,-1,267.2,swept,V:14534671,V
JU1200,-1,254.4,swept,V:14534671,V
JU1242,-1,206.25,swept,V:14534671,V
JU1395,-1,287.4,swept,V:14534671,V
JU1491,-1,335.4,swept,V:14534671,V
JU1530,-1,307.6,swept,V:14534671,V
JU1568,-1,256.8,swept,V:14534671,V
JU1581,-1,250.75,swept,V:14534671,V
JU1586,-1,218.6,swept,V:14534671,V
JU1896,-1,218.6,swept,V:14534671,V
JU2007,-1,302.8,swept,V:14534671,V
JU2464,-1,215.6,swept,V:14534671,V
JU2879,1,134.6,swept,V:14534671,V
JU310,-1,283.2,swept,V:14534671,V
JU311,-1,294.2,swept,V:14534671,V
JU3226,1,190.5,divergent,V:14534671,V
JU323,-1,288,swept,V:14534671,V
JU346,-1,299,swept,V:14534671,V
JU360,-1,248.2,swept,V:14534671,V
JU367,-1,178.8,swept,V:14534671,V
JU393,-1,223,swept,V:14534671,V
JU394,-1,286.8,swept,V:14534671,V
JU397,-1,276.2,swept,V:14534671,V
JU406,-1,220.4,swept,V:14534671,V
JU440,-1,283.4,swept,V:14534671,V
JU561,-1,233.6,swept,V:14534671,V
JU642,-1,222.75,swept,V:14534671,V
JU751,1,144.75,swept,V:14534671,V
JU775,1,235,swept,V:14534671,V
JU830,-1,204,swept,V:14534671,V
JU847,-1,199.75,swept,V:14534671,V
KR314,-1,307.75,swept,V:14534671,V
MY1,-1,293.8,swept,V:14534671,V
MY16,-1,287.2,divergent,V:14534671,V
MY18,-1,278.6,swept,V:14534671,V
MY23,-1,264.25,divergent,V:14534671,V
N2,-1,307.75,swept,V:14534671,V
NIC166,-1,247.2,swept,V:14534671,V
NIC274,1,247.6,swept,V:14534671,V
NIC276,-1,208.6,swept,V:14534671,V
NIC277,-1,252.8,swept,V:14534671,V
PS2025,1,239.8,swept,V:14534671,V
PX179,-1,273.2,swept,V:14534671,V
QG536,-1,273.5,swept,V:14534671,V
QG556,-1,229,swept,V:14534671,V
QX1212,-1,289,swept,V:14534671,V
QX1233,-1,242.75,swept,V:14534671,V
QX1791,-1,235.2,divergent,V:14534671,V
QX1792,1,196.4,swept,V:14534671,V
QX1793,1,216.6,divergent,V:14534671,V
QX1794,1,214.333333333333,divergent,V:14534671,V
RC301,-1,173.6,swept,V:14534671,V
WN2002,-1,149.2,swept,V:14534671,V
XZ1513,1,131,divergent,V:14534671,V
XZ1514,1,210,divergent,V:14534671,V
XZ1515,1,135.4,swept,V:14534671,V
XZ1516,1,254.4,divergent,V:14534671,V
XZ2019,1,237.2,divergent,V:14534671,V
